2,Metering
6,Control
1,ACB Wiring
2,Metering
6,Control
1,ACB Wiring
5,MCCB Wiring/Termination
5,Component
6,Component
5,Component
5,Component
5,MCCB Wiring/Termination
6,Control
7,Control
2,Component
5,MCCB Wiring/Termination
5,Component
6,MCCB Wiring/Termination
5,MCCB Wiring/Termination
7,Control
2,Component
5,MCCB Wiring/Termination
5,MCCB Wiring/Termination
5,MCCB Wiring/Termination
5,Component
4,MCCB Wiring/Termination
7,Control
2,Component
4,Control
2,Indicators
1,ACB Wiring
1,CT & VT Tapping
1,Busbar Termination
1,ACB Wiring
2,Metering
1,CT & VT Tapping
1,Incoming & Outgoing Cable Termination
2,Incoming & Outgoing Cable Termination
1,ACB Wiring
2,Metering
1,CT & VT Tapping
1,ACB Wiring
1,Incoming & Outgoing Cable Termination
1,ACB Wiring
2,Metering
1,ACB Wiring
1,Incoming & Outgoing Cable Termination
1,Incoming & Outgoing Cable Termination
1,ACB Wiring
2,Metering
1,ACB Wiring
1,Incoming & Outgoing Cable Termination
2,Indicators
1,Incoming & Outgoing Cable Termination
1,Incoming & Outgoing Cable Termination
2,Metering
5,Control
1,ACB Wiring
1,Incoming & Outgoing Cable Termination
1,CT & VT Tapping
1,ACB Wiring
0,ACB Wiring
0,Control
0,Busbar Termination
0,CT & VT Tapping
4,Control
1,Metering
0,ACB Wiring
0,Busbar Termination
2,Metering
5,Control
0,ACB Wiring
1,Incoming & Outgoing Cable Termination
0,Busbar Termination
1,Metering
5,Control
1,Incoming & Outgoing Cable Termination
1,CT & VT Tapping
0,MCCB Wiring/Termination
0,Incoming & Outgoing Cable Termination
0,ACB Wiring
1,Metering
0,Control
0,ACB Wiring
0,Incoming & Outgoing Cable Termination
0,Incoming & Outgoing Cable Termination
0,ACB Wiring
1,Metering
1,Control
0,ACB Wiring
0,Incoming & Outgoing Cable Termination
0,ACB Wiring
0,Control
0,ACB Wiring
0,Incoming & Outgoing Cable Termination
0,Busbar Termination
0,ACB Wiring
0,Metering
0,ACB Wiring
0,Incoming & Outgoing Cable Termination
0,Busbar Termination
1,Control
0,Metering
0,ACB Wiring
0,Control
0,CT & VT Tapping
4,Control
1,Metering
0,ACB Wiring
2,Incoming & Outgoing Cable Termination
0,CT & VT Tapping
4,Control
0,ACB Wiring
0,Incoming & Outgoing Cable Termination
0,MCCB Wiring/Termination
0,Control
0,ACB Wiring
0,Metering
0,ACB Wiring
0,Incoming & Outgoing Cable Termination
0,Incoming & Outgoing Cable Termination
0,Incoming & Outgoing Cable Termination
0,ACB Wiring
0,ACB Wiring
0,Incoming & Outgoing Cable Termination
0,ACB Wiring
0,Control
0,Metering
0,ACB Wiring
0,Incoming & Outgoing Cable Termination
0,Incoming & Outgoing Cable Termination
0,ACB Wiring
0,Control
0,Metering
0,Incoming & Outgoing Cable Termination
0,Incoming & Outgoing Cable Termination
1,ACB Wiring
1,Indicators
0,ACB Wiring
1,Incoming & Outgoing Cable Termination
0,ACB Wiring
3,CT & VT Tapping
1,Metering
1,ACB Wiring
1,Incoming & Outgoing Cable Termination
1,Control
1,ACB Wiring
2,CT & VT Tapping
1,Control
1,Busbar Termination
1,CT & VT Tapping
1,ACB Wiring
1,Metering
1,ACB Wiring
1,Incoming & Outgoing Cable Termination
1,Incoming & Outgoing Cable Termination
3,CT & VT Tapping
1,ACB Wiring
1,ACB Wiring
1,Indicators
1,Incoming & Outgoing Cable Termination
1,ACB Wiring
3,CT & VT Tapping
2,Metering
1,ACB Wiring
1,Incoming & Outgoing Cable Termination
1,Control
3,CT & VT Tapping
1,Metering
1,Component
1,CT & VT Tapping
1,Busbar Termination
1,Metering
1,ACB Wiring
3,CT & VT Tapping
1,Metering
0,Indicators
1,ACB Wiring
1,ACB Wiring
2,CT & VT Tapping
1,ACB Wiring
1,Incoming & Outgoing Cable Termination
1,ACB Wiring
2,CT & VT Tapping
1,Metering
1,Control
1,CT & VT Tapping
1,Busbar Termination
1,ACB Wiring
1,Metering
1,ACB Wiring
1,ACB Wiring
3,Control
1,ACB Wiring
1,Busbar Termination
1,ACB Wiring
1,ACB Wiring
1,Busbar Termination
